{"cameraMode":{"drawMode":0,"name":"Shaded","section":"Shading Mode"},"sceneLighting":false,"audioPlay":false,"sceneViewState":{"showFog":true,"showMaterialUpdate":false,"showSkybox":false,"showFlares":true,"showImageEffects":true,"showParticleSystems":true,"showVisualEffectGraphs":true,"m_FxEnabled":true},"in2DMode":false,"pivot":{"x":-9.525533676147461,"y":0.00299999862909317,"z":16.732999801635743},"rotation":{"x":0.4594862759113312,"y":0.17890754342079163,"z":-0.09505065530538559,"w":0.8647818565368652},"size":0.3658376634120941,"orthographic":false}